{"cameraMode":{"drawMode":0,"name":"Shaded","section":"Shading Mode"},"sceneLighting":true,"audioPlay":false,"sceneViewState":{"m_AlwaysRefresh":false,"showFog":true,"showSkybox":true,"showFlares":true,"showImageEffects":true,"showParticleSystems":true,"showVisualEffectGraphs":true,"m_FxEnabled":true},"in2DMode":false,"pivot":{"x":8.320372581481934,"y":0.5304100513458252,"z":-29.797637939453126},"rotation":{"x":-0.0005407435819506645,"y":0.99544757604599,"z":-0.09525175392627716,"w":-0.00567738339304924},"size":6.031864166259766,"orthographic":false}